<?xml version="1.0" encoding="utf-8"?>
<!-- the only thing I edited here was the identifier and version -->
<manifest identifier="test_1_29_06_2017"  version="1.0"
		xmlns="http://www.imsproject.org/xsd/imscp_rootv1p1p2"
		xmlns:adlcp="http://www.adlnet.org/xsd/adlcp_rootv1p2"
		xmlns:xsi="http://www.w3.org/2001/XMLSchema-instance"
		xmlns:lom="http://www.imsglobal.org/xsd/imsmd_rootv1p2p1"
		xsi:schemaLocation="http://www.imsproject.org/xsd/imscp_rootv1p1p2 imscp_rootv1p1p2.xsd
			http://www.imsglobal.org/xsd/imsmd_rootv1p2p1 imsmd_rootv1p2p1.xsd
			http://www.adlnet.org/xsd/adlcp_rootv1p2 adlcp_rootv1p2.xsd">
	<metadata>
		<schema>ADL SCORM</schema>
		<schemaversion>1.2</schemaversion>
		<lom:lom>
			<lom:general>
				<lom:title>
					<!-- same as title -->
					<lom:langstring>Test_1</lom:langstring>
				</lom:title>
				<adlcp:timelimitaction>continue,no message</adlcp:timelimitaction>
			</lom:general>
			<lom:educational>
				<lom:typicallearningtime>
					<lom:datetime>00:00:00</lom:datetime>
				</lom:typicallearningtime>
			</lom:educational>
		</lom:lom>
	</metadata>
	<organizations default="Test_1_organization">
		<organization identifier="Test_1_organization">
			<title>Test_1</title>
			<item identifier="item" identifierref="resource">
				<title>Test_1</title>
			</item>
		</organization>
	</organizations>
	<resources>
		<resource identifier="resource" type="webcontent" adlcp:scormtype="sco" href="res/start_1.html"><!-- the html file in res -->
			<file href="res/start_1.html"/>
			<file href="js/apiwrapper.js"/>
		</resource>
	</resources>
</manifest>
